codigo_tse,codigo_ibge,municipio,votos,percentual_validos,votos_validos_cidade,urnas_apuradas_pct,comparecimento,total_eleitores,status
70718,3548500,Santos,48781,"19,82",246048,"100,00",263310,348145,OK
71218,3551009,São Vicente,19543,"11,50",169941,"99,87",188625,255910,OK
64750,3518701,Guarujá,16842,"10,26",164024,"100,00",183195,238637,OK
63711,3513504,Cubatão,10794,"16,62",64916,"98,68",71290,90309,OK
69213,3541000,Praia Grande,8748,"5,06",172655,"98,82",190807,264937,OK
61280,3506359,Bertioga,5555,"15,51",35794,"100,00",38879,52927,OK
71072,3550308,São Paulo,4888,"0,08",6239952,"100,00",6988929,9126158,OK
68535,3537602,Peruíbe,4038,"10,13",39829,"100,00",43173,59839,OK
65439,3522109,Itanhaém,3612,"6,52",55386,"100,00",61235,85044,OK
69531,3542602,Registro,2986,"9,49",31463,"100,00",34186,45199,OK
67237,3531100,Mongaguá,2404,"7,59",31654,"100,00",34990,50491,OK
70955,3549706,São José Do Rio Pardo,2270,"9,50",23888,"92,50",27227,39191,OK
66710,3528502,Mairiporã,1676,"3,65",45933,"100,00",51202,65733,OK
63118,3510500,Caraguatatuba,1565,"2,10",74448,"100,00",82077,106195,OK
65072,3520301,Iguape,1109,"7,32",15154,"100,00",16551,22106,OK
63690,3513405,Cruzeiro,1079,"2,79",38615,"97,70",43311,56185,OK
67113,3530508,Mococa,1037,"3,25",31609,"100,00",37333,49126,OK
69671,3543303,Ribeirão Pires,951,"1,55",61218,"100,00",68809,85765,OK
64696,3518404,Guaratinguetá,949,"1,44",65950,"100,00",72519,90804,OK
66990,3529906,Miracatu,933,"9,01",10346,"100,00",11181,15310,OK
61492,3502507,Aparecida,886,"4,36",20083,"100,00",22028,26836,OK
70734,3548609,São Bento Do Sapucaí,863,"13,23",6521,"100,00",7235,9073,OK
66893,3529401,Mauá,830,"0,39",210320,"100,00",239768,310158,OK
71838,3554102,Taubaté,738,"0,44",166687,"100,00",184105,239596,OK
62006,3520426,Ilha Comprida,721,"8,74",8242,"100,00",8942,13297,OK
61310,3501608,Americana,712,"0,55",129833,"100,00",142957,181010,OK
68730,3538600,Piracaia,696,"4,50",15453,"100,00",17153,21552,OK
71153,3550704,São Sebastião,635,"1,30",48888,"100,00",52698,68034,OK
61484,3509254,Cajati,600,"3,88",15446,"100,00",16849,22016,OK
70831,3549102,São João Da Boa Vista,533,"1,14",46626,"100,00",52797,67128,OK
62952,3509700,Campos Do Jordão,509,"2,00",25446,"100,00",29252,38106,OK
67890,3534401,Osasco,508,"0,13",400587,"100,00",447253,583224,OK
68454,3537206,Pedro De Toledo,497,"9,45",5256,"100,00",5542,7891,OK
69175,3540804,Potirendaba,467,"4,72",9879,"100,00",10928,13860,OK
61654,3503307,Araras,464,"0,68",68509,"100,00",77666,96612,OK
66230,3526100,Juquiá,404,"3,96",10204,"100,00",10973,15227,OK
62375,3506904,Bofete,387,"6,49",5959,"100,00",6520,8935,OK
62073,3505401,Barra Do Turvo,366,"8,96",4085,"100,00",4321,6314,OK
66150,3525706,José Bonifácio,363,"2,18",16609,"86,75",18284,27281,OK
61816,3504107,Atibaia,352,"0,41",85154,"100,00",94073,119007,OK
72010,3555000,Tupã,351,"1,07",32691,"100,00",35999,47261,OK
62413,3507100,Bom Jesus Dos Perdões,348,"2,84",12225,"92,98",13682,18368,OK
72311,3556404,Vargem Grande Do Sul,338,"2,20",15362,"75,27",17261,30429,OK
64777,3518800,Guarulhos,337,"0,05",677418,"100,00",765222,947757,OK
63797,3513900,Divinolândia,330,"5,00",6598,"100,00",7570,9543,OK
64890,3519402,Ibirá,328,"4,81",6816,"100,00",7401,9094,OK
61530,3502705,Apiaí,314,"2,49",12625,"100,00",14136,18736,OK
71730,3553609,Tapiratiba,314,"4,69",6692,"100,00",7432,9228,OK
71994,3554904,Três Fronteiras,311,"8,48",3664,"100,00",4041,5256,OK
68314,3536505,Paulínia,275,"0,41",66901,"100,00",72666,89901,OK
61549,3556354,Vargem,270,"6,03",4479,"100,00",5133,6582,OK
62910,3509502,Campinas,268,"0,04",600106,"100,00",665379,871091,OK
67130,3530607,Mogi Das Cruzes,268,"0,12",227049,"100,00",256301,333775,OK
69159,3540705,Porto Ferreira,267,"0,97",27415,"100,00",30811,39960,OK
68390,3536901,Pedranópolis,264,"13,78",1912,"100,00",2064,2682,OK
65935,3524600,Jacupiranga,260,"2,99",8699,"100,00",9301,12333,OK
72095,3555406,Ubatuba,255,"0,47",54043,"100,00",58668,77899,OK
70971,3549805,São José Do Rio Preto,246,"0,10",235274,"100,00",262280,344003,OK
66451,3527207,Lorena,245,"0,54",45087,"100,00",49285,61172,OK
64270,3516309,Francisco Morato,234,"0,28",82791,"100,00",95301,126743,OK
68250,3536208,Pariquera-Açu,228,"2,21",10321,"100,00",11220,14302,OK
65676,3523305,Itariri,227,"3,38",6716,"100,00",7164,9789,OK
61565,3540754,Potim,215,"2,27",9421,"100,00",10270,12546,OK
62103,3509957,Canas,215,"7,26",2961,"100,00",3217,3959,OK
61948,3522653,Itapirapuã Paulista,212,"9,43",2247,"100,00",2564,3305,OK
62731,3508603,Cachoeira Paulista,211,"1,23",17073,"100,00",18723,23891,OK
71579,3552809,Taboão Da Serra,196,"0,13",150320,"100,00",170359,211829,OK
71170,3550803,São Sebastião Da Grama,189,"3,28",5754,"100,00",6450,8398,OK
62995,3509908,Cananéia,187,"2,60",7189,"100,00",7656,10409,OK
65897,3524402,Jacareí,187,"0,15",124205,"99,82",136580,171237,OK
64530,3517604,Guapiara,182,"1,91",9503,"100,00",10424,13629,OK
65099,3520400,Ilhabela,179,"0,86",20893,"97,09",22831,31085,OK
68632,3538105,Pindorama,169,"2,25",7451,"100,00",8505,10497,OK
70653,3548203,Santo Antônio Do Pinhal,165,"3,70",4462,"100,00",4986,6113,OK
67695,3533403,Nova Odessa,159,"0,46",34505,"97,90",38119,47408,OK
71374,3551801,Sete Barras,158,"2,22",7107,"100,00",7606,10260,OK
68659,3515186,Espírito Santo Do Pinhal,155,"0,74",20889,"100,00",23615,30946,OK
62510,3507605,Bragança Paulista,147,"0,16",92877,"100,00",104847,131092,OK
61743,3519055,Holambra,145,"1,55",9367,"100,00",10185,12570,OK
61778,3503901,Arujá,142,"0,28",50913,"100,00",57081,71346,OK
66354,3526704,Leme,139,"0,28",49756,"100,00",57445,72901,OK
70173,3545803,Santa Bárbara D'Oeste,136,"0,13",102088,"100,00",112962,138410,OK
63975,3514809,Eldorado,130,"1,82",7159,"100,00",7758,10787,OK
65250,3521200,Iporanga,130,"5,50",2361,"100,00",2515,3303,OK
70998,3549904,São José Dos Campos,117,"0,03",404777,"100,00",437624,538797,OK
66117,3525508,Joanópolis,110,"1,62",6790,"100,00",7657,9451,OK
67091,3530409,Mirassolândia,110,"3,72",2941,"100,00",3209,4130,OK
71692,3553401,Tanabi,109,"0,76",14208,"100,00",15638,19937,OK
68713,3538501,Piquete,104,"2,00",5201,"74,19",5723,10044,OK
71013,3550001,São Luís Do Paraitinga,102,"1,38",7405,"100,00",8061,10204,OK
63274,3511300,Cedral,101,"2,14",4706,"76,00",5144,8582,OK
63150,3510708,Cardoso,99,"1,61",6144,"100,00",6836,9593,OK
70572,3547809,Santo André,99,"0,02",400193,"100,00",439113,572921,OK
61050,3500303,Aguaí,95,"0,61",15578,"100,00",18144,24235,OK
63738,3513603,Cunha,95,"0,77",12274,"96,49",13624,18135,OK
68616,3538006,Pindamonhangaba,95,"0,11",84539,"100,00",94478,119093,OK
67539,3532603,Nhandeara,94,"1,71",5499,"100,00",5912,7745,OK
71714,3553500,Tapiraí,94,"2,20",4263,"100,00",4627,6269,OK
70750,3548708,São Bernardo Do Campo,93,"0,02",436699,"100,00",489559,626008,OK
62812,3509007,Caieiras,90,"0,18",49271,"100,00",55767,72229,OK
64297,3516408,Franco Da Rocha,88,"0,13",68192,"97,95",78150,107776,OK
66516,3527504,Lucianópolis,88,"5,82",1513,"100,00",1647,2146,OK
68136,3535606,Paraibuna,87,"1,04",8327,"82,98",9051,13836,OK
61603,3522158,Itaoca,86,"4,01",2141,"100,00",2286,3039,OK
66338,3526605,Lavrinhas,83,"1,87",4440,"95,45",4842,6102,OK
70610,3548005,Santo Antônio De Posse,82,"0,70",11735,"100,00",13173,16288,OK
67512,3532504,Neves Paulista,79,"1,62",4876,"100,00",5640,7059,OK
61646,3503158,Arapeí,78,"4,18",1687,"100,00",1989,2505,OK
67172,3530805,Mogi Mirim,77,"0,16",48234,"100,00",54055,67646,OK
67474,3532306,Natividade Da Serra,77,"1,84",4147,"100,00",4410,5669,OK
67350,3531704,Monteiro Lobato,68,"2,35",2895,"100,00",3083,3833,OK
72257,3556206,Valinhos,68,"0,10",69860,"100,00",76781,94674,OK
71455,3552205,Sorocaba,67,"0,02",375921,"100,00",419661,530590,OK
61077,3500402,Águas Da Prata,66,"1,61",4085,"94,74",4498,5911,OK
70637,3548104,Santo Antônio Do Jardim,60,"1,68",3578,"100,00",4033,5173,OK
71510,3552502,Suzano,59,"0,04",159017,"100,00",181744,235438,OK
71978,3554805,Tremembé,59,"0,27",21657,"100,00",23668,29627,OK
68039,3535101,Palmares Paulista,58,"1,08",5343,"100,00",6153,7352,OK
70777,3548807,São Caetano Do Sul,58,"0,05",113863,"100,00",122222,147533,OK
71498,3552403,Sumaré,55,"0,04",138522,"100,00",154530,199799,OK
72052,3555208,Turiúba,54,"4,47",1194,"100,00",1285,1661,OK
63134,3510609,Carapicuíba,53,"0,03",193410,"100,00",217268,290282,OK
68373,3536802,Pedra Bela,53,"1,53",3460,"100,00",3826,4810,OK
69477,3542305,Redenção Da Serra,53,"1,76",3007,"100,00",3269,4304,OK
63614,3513009,Cotia,51,"0,04",134030,"100,00",149926,193978,OK
65633,3523107,Itaquaquecetuba,51,"0,03",169926,"100,00",195916,257861,OK
69698,3543402,Ribeirão Preto,50,"0,02",321754,"99,86",358843,471753,OK
61557,3502804,Araçatuba,48,"0,05",103946,"100,00",112389,144887,OK
63770,3513801,Diadema,48,"0,02",224518,"100,00",255932,330772,OK
67490,3532405,Nazaré Paulista,48,"0,68",7011,"70,21",7814,14473,OK
64033,3515103,Embu-Guaçu,43,"0,13",33765,"100,00",40134,53715,OK
61824,3536257,Parisi,42,"1,97",2131,"100,00",2312,3085,OK
69094,3540408,Populina,42,"1,59",2637,"100,00",2877,3679,OK
61972,3504909,Bananal,39,"0,66",5611,"100,00",6567,8231,OK
70335,3546603,Santa Fé Do Sul,39,"0,22",17606,"100,00",19531,25810,OK
69833,3544103,Rio Grande Da Serra,38,"0,16",23241,"100,00",26874,33722,OK
62138,3505708,Barueri,37,"0,02",209577,"100,00",230312,297336,OK
65773,3523800,Itobi,37,"0,88",4215,"100,00",4736,6007,OK
63231,3511102,Catanduva,35,"0,06",59088,"100,00",66330,86117,OK
63258,3511201,Catiguá,35,"0,86",4077,"100,00",4653,5688,OK
66192,3525904,Jundiaí,35,"0,01",242555,"100,00",265636,337093,OK
62197,3506003,Bauru,34,"0,02",186057,"100,00",208040,277883,OK
62391,3507001,Boituva,34,"0,10",33303,"100,00",36822,47623,OK
64017,3515004,Embu Das Artes,34,"0,02",142903,"100,00",161250,206229,OK
61697,3503505,Areias,33,"1,30",2521,"100,00",2748,3463,OK
61727,3519071,Hortolândia,33,"0,03",104107,"88,55",116891,164275,OK
71056,3550209,São Miguel Arcanjo,33,"0,20",16692,"98,75",18634,24440,OK
68977,3539806,Poá,32,"0,05",65247,"100,00",72857,89811,OK
69396,3541901,Queluz,31,"0,62",4981,"100,00",5474,7112,OK
70815,3549003,São Francisco,31,"1,75",1762,"100,00",1980,2505,OK
62235,3506201,Bento De Abreu,30,"1,99",1505,"100,00",1610,2146,OK
65390,3521903,Itajobi,30,"0,33",9003,"100,00",9944,12327,OK
62758,3508702,Caconde,29,"0,31",9421,"100,00",10201,13330,OK
62936,3509601,Campo Limpo Paulista,29,"0,07",41500,"100,00",46746,59440,OK
68870,3539301,Pirassununga,29,"0,08",38564,"100,00",42948,55161,OK
70238,3546108,Santa Clara D'Oeste,29,"1,70",1700,"100,00",1859,2440,OK
63495,3512407,Cordeirópolis,28,"0,20",14273,"100,00",15825,19566,OK
65951,3524709,Jaguariúna,28,"0,09",32451,"100,00",35856,45186,OK
70050,3545209,Salto,28,"0,04",67751,"100,00",76046,95308,OK
71412,3552007,Silveiras,28,"0,70",3975,"100,00",4324,5404,OK
66273,3526308,Lagoinha,27,"0,67",4010,"100,00",4282,5475,OK
69876,3544301,Roseira,27,"0,43",6241,"100,00",6837,8328,OK
70793,3548906,São Carlos,26,"0,02",128632,"98,96",147896,196178,OK
61360,3505351,Barra Do Chapéu,25,"0,78",3216,"100,00",3544,4672,OK
70513,3547502,Santa Rita Do Passa Quatro,25,"0,18",13931,"100,00",15060,19993,OK
62715,3508504,Caçapava,23,"0,04",52147,"100,00",58090,72593,OK
63754,3513702,Descalvado,23,"0,14",15856,"100,00",18448,24907,OK
64114,3515509,Fernandópolis,23,"0,07",34539,"100,00",38284,50193,OK
65455,3522208,Itapecerica Da Serra,23,"0,03",85945,"100,00",97052,124019,OK
71030,3550100,São Manuel,23,"0,11",20048,"100,00",23138,29304,OK
61522,3503950,Aspásia,22,"1,59",1379,"100,00",1492,1875,OK
65110,3520509,Indaiatuba,22,"0,02",122149,"85,99",135021,192077,OK
65510,3522505,Itapevi,22,"0,02",118237,"100,00",127329,168468,OK
65790,3523909,Itu,22,"0,03",87144,"100,00",97419,128650,OK
70459,3547205,Santana Da Ponte Pensa,22,"1,65",1330,"100,00",1440,1925,OK
70475,3547304,Santana De Parnaíba,22,"0,03",77771,"97,38",83905,111456,OK
67156,3530706,Mogi Guaçu,21,"0,03",81295,"100,00",91626,114174,OK
70378,3546801,Santa Isabel,21,"0,07",29840,"100,00",33291,41695,OK
63177,3510807,Casa Branca,20,"0,17",11480,"87,88",13310,19558,OK
68756,3538709,Piracicaba,20,"0,01",217495,"100,00",238736,310644,OK
72133,3555604,Uchoa,20,"0,45",4448,"79,31",4997,8307,OK
62200,3547650,Santa Salete,19,"1,33",1428,"100,00",1536,1836,OK
63894,3514403,Dracena,19,"0,08",23255,"100,00",25385,33614,OK
64815,3519006,Herculândia,18,"0,38",4738,"100,00",5231,6937,OK
65536,3522604,Itapira,18,"0,05",36592,"100,00",42743,53359,OK
61379,3501905,Amparo,17,"0,05",37181,"100,00",42020,53743,OK
66397,3526902,Limeira,17,"0,01",166844,"100,00",179780,219189,OK
67075,3530300,Mirassol,17,"0,06",30682,"100,00",34490,43661,OK
69299,3541406,Presidente Prudente,17,"0,01",118545,"100,00",128556,165295,OK
67415,3532009,Morungaba,16,"0,30",5261,"67,74",5931,10613,OK
61751,3503802,Artur Nogueira,15,"0,05",27950,"100,00",31478,38528,OK
69574,3542800,Ribeira,15,"0,79",1886,"91,67",1995,2889,OK
66435,3527108,Lins,14,"0,04",35912,"100,00",40399,53771,OK
66818,3529005,Marília,14,"0,01",117569,"99,31",131355,172714,OK
69795,3543907,Rio Claro,14,"0,01",105485,"100,00",119075,151125,OK
72451,3557105,Votuporanga,14,"0,03",48916,"100,00",54426,68927,OK
66079,3525300,Jaú,13,"0,02",72657,"100,00",79751,98724,OK
71676,3553302,Tambaú,13,"0,12",11087,"100,00",12384,15898,OK
62855,3509205,Cajamar,12,"0,03",47508,"96,24",53533,70020,OK
65471,3522307,Itapetininga,12,"0,02",79589,"100,00",89661,114355,OK
70416,3547007,Santa Maria Da Serra,12,"0,42",2853,"100,00",3204,4225,OK
61301,3552551,Suzanápolis,11,"0,53",2064,"100,00",2323,2988,OK
61425,3532843,Nova Canaã Paulista,11,"0,71",1539,"100,00",1667,2275,OK
63576,3512803,Cosmópolis,11,"0,04",30067,"100,00",34896,44572,OK
64157,3515707,Ferraz De Vasconcelos,11,"0,01",91656,"100,00",103597,128862,OK
64254,3516200,Franca,11,"0,01",171904,"100,00",189750,241705,OK
65692,3523404,Itatiba,11,"0,02",61537,"100,00",68525,85162,OK
67253,3531209,Monte Alegre Do Sul,11,"0,24",4562,"100,00",5119,6336,OK
68470,3537305,Penápolis,11,"0,04",30939,"100,00",34392,43745,OK
62146,3541059,Pratânia,10,"0,32",3173,"100,00",3601,4725,OK
63312,3511508,Cerquilho,10,"0,04",25352,"100,00",28281,36003,OK
65498,3522406,Itapeva,10,"0,02",45434,"97,79",50909,68478,OK
66010,3525003,Jandira,10,"0,02",53774,"100,00",59943,76022,OK
70939,3549607,São José Do Barreiro,10,"0,37",2673,"100,00",2821,3578,OK
71196,3550902,São Simão,10,"0,13",7697,"100,00",8561,11157,OK
72230,3556107,Valentim Gentil,10,"0,14",7306,"100,00",8186,10146,OK
61123,3513850,Dirce Reis,9,"0,72",1249,"100,00",1354,1702,OK
63215,3511003,Castilho,9,"0,09",10483,"100,00",11741,15377,OK
63916,3514502,Duartina,9,"0,13",6813,"100,00",7521,9857,OK
66656,3528205,Macedônia,9,"0,32",2840,"100,00",3059,4105,OK
61638,3503208,Araraquara,8,"0,01",119112,"100,00",132979,170072,OK
63452,3512209,Conchal,8,"0,12",6553,"43,06",7387,20926,OK
65811,3524006,Itupeva,8,"0,02",33485,"100,00",37570,48387,OK
67792,3533908,Olímpia,8,"0,03",28921,"100,00",32569,41874,OK
69590,3542909,Ribeirão Bonito,8,"0,14",5537,"100,00",6308,8616,OK
71331,3551603,Serra Negra,8,"0,08",9816,"61,73",10789,22276,OK
61131,3500709,Agudos,7,"0,03",20009,"100,00",22394,28853,OK
61689,3515152,Engenheiro Coelho,7,"0,07",10748,"100,00",11751,14967,OK
61832,3504206,Auriflama,7,"0,09",7836,"100,00",8644,11053,OK
61867,3528858,Marapoama,7,"0,33",2130,"100,00",2283,2797,OK
61913,3504602,Bady Bassitt,7,"0,06",11954,"100,00",13138,16955,OK
63851,3514205,Dolcinópolis,7,"0,40",1753,"100,00",1902,2355,OK
64491,3517406,Guaíra,7,"0,04",19084,"100,00",21044,28555,OK
64513,3517505,Guapiaçu,7,"0,06",10843,"100,00",12311,15943,OK
66257,3526209,Juquitiba,7,"0,04",16261,"100,00",17904,22815,OK
66630,3528106,Macaubal,7,"0,16",4335,"100,00",4871,5924,OK
68012,3535002,Palestina,7,"0,11",6099,"100,00",6852,8996,OK
71358,3551702,Sertãozinho,7,"0,01",65183,"100,00",74755,93301,OK
62499,3507506,Botucatu,6,"0,01",77174,"100,00",85502,110798,OK
62618,3508009,Buri,6,"0,06",10418,"100,00",11503,14877,OK
63096,3510401,Capivari,6,"0,02",26980,"100,00",30223,37609,OK
64378,3516804,Gastão Vidigal,6,"0,29",2071,"100,00",2288,2869,OK
66478,3527306,Louveira,6,"0,02",28236,"100,00",31018,39253,OK
67318,3531506,Monte Azul Paulista,6,"0,09",6954,"68,89",7700,14241,OK
67954,3534708,Ourinhos,6,"0,01",52636,"100,00",58680,76480,OK
68578,3537800,Piedade,6,"0,02",27878,"100,00",31515,42011,OK
70254,3546207,Santa Cruz Da Conceição,6,"0,20",2978,"100,00",3244,4140,OK
72370,3556701,Vinhedo,6,"0,01",47133,"100,00",51564,65669,OK
61808,3540259,Pontalinda,5,"0,22",2226,"100,00",2478,3157,OK
61794,3504008,Assis,5,"0,01",48923,"100,00",53502,69743,OK
61964,3529658,Mesópolis,5,"0,37",1337,"100,00",1440,1887,OK
62219,3506102,Bebedouro,5,"0,01",39174,"100,00",43512,56372,OK
66699,3528403,Mairinque,5,"0,02",26705,"100,00",30221,38466,OK
66877,3529302,Matão,5,"0,01",43977,"100,00",50300,63725,OK
67296,3531407,Monte Aprazível,5,"0,05",10479,"90,20",11754,16980,OK
68918,3539509,Pitangueiras,5,"0,03",17507,"100,00",19797,24981,OK
69817,3544004,Rio Das Pedras,5,"0,03",16710,"95,00",18768,25297,OK
70017,3545001,Salesópolis,5,"0,05",10862,"100,00",11914,14725,OK
70157,3545704,Santa Albertina,5,"0,13",3742,"100,00",4097,5093,OK
70270,3546306,Santa Cruz Das Palmeiras,5,"0,03",14331,"100,00",16335,21443,OK
70890,3549409,São Joaquim Da Barra,5,"0,03",16713,"69,23",18878,35828,OK
72273,3556305,Valparaíso,5,"0,06",8305,"81,82",9112,15952,OK
72435,3557006,Votorantim,5,"0,01",57813,"89,72",64308,92601,OK
61093,3500501,Águas De Lindóia,4,"0,04",9340,"89,58",10333,14061,OK
62057,3505302,Barra Bonita,4,"0,02",20259,"100,00",22612,28333,OK
62170,3505906,Batatais,4,"0,01",29661,"100,00",33882,42268,OK
62251,3506300,Bernardino De Campos,4,"0,07",5355,"100,00",6020,7724,OK
63193,3510906,Cássia Dos Coqueiros,4,"0,22",1841,"100,00",2089,2667,OK
64858,3519204,Iacri,4,"0,12",3236,"100,00",3554,4766,OK
65650,3523206,Itararé,4,"0,02",22846,"100,00",25369,33780,OK
65978,3524808,Jales,4,"0,02",24735,"100,00",28481,36025,OK
67016,3530003,Mira Estrela,4,"0,19",2057,"100,00",2216,2892,OK
67717,3533502,Novo Horizonte,4,"0,02",19711,"100,00",21684,28604,OK
68152,3535705,Paraíso,4,"0,12",3228,"100,00",3751,4547,OK
68837,3539103,Pirapora Do Bom Jesus,4,"0,04",9788,"100,00",10664,14158,OK
69914,3544509,Rubinéia,4,"0,14",2759,"100,00",2975,3916,OK
70297,3546405,Santa Cruz Do Rio Pardo,4,"0,02",23549,"100,00",25988,34041,OK
70530,3547601,Santa Rosa De Viterbo,4,"0,03",12091,"100,00",13978,18030,OK
71099,3550407,São Pedro,4,"0,02",19418,"100,00",21313,28553,OK
71536,3552601,Tabapuã,4,"0,06",6251,"100,00",7108,8762,OK
71870,3554300,Teodoro Sampaio,4,"0,03",11627,"100,00",12466,17019,OK
72079,3555307,Turmalina,4,"0,29",1363,"100,00",1500,1955,OK
72338,3556503,Várzea Paulista,4,"0,01",59638,"100,00",66601,84728,OK
72737,3556453,Vargem Grande Paulista,4,"0,02",19817,"67,97",22071,42997,OK
61018,3500105,Adamantina,3,"0,02",17851,"100,00",19779,25494,OK
61336,3501707,Américo Brasiliense,3,"0,02",19009,"100,00",21741,27310,OK
61620,3554953,Tuiuti,3,"0,08",3977,"100,00",4373,5542,OK
61891,3504503,Avaré,3,"0,01",43560,"100,00",49351,64377,OK
62090,3505500,Barretos,3,"0,01",59896,"100,00",65115,85197,OK
62294,3506508,Birigui,3,"0,01",58119,"100,00",65944,84471,OK
63673,3513306,Cruzália,3,"0,19",1560,"100,00",1641,1966,OK
63878,3514304,Dourado,3,"0,06",4667,"100,00",5418,6798,OK
64637,3518107,Guarantã,3,"0,09",3228,"100,00",3625,4765,OK
64971,3519808,Icém,3,"0,07",4411,"100,00",4738,6048,OK
65870,3524303,Jaboticabal,3,"0,01",35998,"100,00",39215,50931,OK
65994,3524907,Jambeiro,3,"0,08",3639,"100,00",3951,4996,OK
66290,3526407,Laranjal Paulista,3,"0,02",14285,"100,00",15961,20780,OK
66850,3529203,Martinópolis,3,"0,02",12767,"100,00",13829,18046,OK
67032,3530102,Mirandópolis,3,"0,03",10489,"88,71",11815,17999,OK
67555,3532702,Nipoã,3,"0,18",1639,"58,33",1828,3881,OK
69132,3540606,Porto Feliz,3,"0,01",24419,"82,05",27472,41162,OK
69337,3541604,Promissão,3,"0,02",17050,"100,00",19274,26511,OK
69612,3543006,Ribeirão Branco,3,"0,03",10234,"100,00",11062,14335,OK
70130,3545605,Santa Adélia,3,"0,04",7306,"100,00",8298,10828,OK
70351,3546702,Santa Gertrudes,3,"0,02",13719,"100,00",15369,19153,OK
71137,3550605,São Roque,3,"0,01",41547,"100,00",46767,60260,OK
71757,3553708,Taquaritinga,3,"0,01",26211,"100,00",29295,38620,OK
71811,3554003,Tatuí,3,"0,01",59822,"100,00",67072,88764,OK
72117,3555505,Ubirajara,3,"0,11",2774,"100,00",2997,3995,OK
72214,3556008,Urupês,3,"0,06",5446,"72,73",6057,10624,OK
61239,3501202,Álvares Florence,2,"0,08",2620,"100,00",2875,3612,OK
61263,3502754,Araçariguama,2,"0,02",12032,"100,00",13212,17829,OK
61840,3553856,Taquarivaí,2,"0,06",3408,"93,75",3744,5121,OK
62065,3503356,Arco-Íris,2,"0,12",1619,"100,00",1722,2331,OK
62030,3505203,Bariri,2,"0,01",15849,"100,00",17855,23149,OK
62359,3506805,Bocaina,2,"0,03",5943,"100,00",6784,8535,OK
62570,3507803,Brodowski,2,"0,02",12834,"100,00",14225,17196,OK
62634,3508108,Buritama,2,"0,02",9178,"100,00",9997,13143,OK
64351,3516705,Garça,2,"0,01",21534,"100,00",24892,32368,OK
64572,3517802,Guaraçaí,2,"0,05",4158,"100,00",4657,6153,OK
64734,3518602,Guariba,2,"0,01",20651,"100,00",22553,28368,OK
64912,3519501,Ibirarema,2,"0,05",3636,"100,00",4018,5070,OK
64955,3519709,Ibiúna,2,"0,01",42769,"100,00",47664,61950,OK
65293,3521408,Iracemápolis,2,"0,01",13423,"100,00",14686,17617,OK
66052,3525201,Jarinu,2,"0,01",18154,"100,00",20168,26768,OK
66370,3526803,Lençóis Paulista,2,"0,01",36236,"100,00",40096,50784,OK
67210,3531001,Monções,2,"0,12",1605,"100,00",1723,2121,OK
67199,3530904,Mombuca,2,"0,09",2248,"100,00",2498,3151,OK
67334,3531605,Monte Castelo,2,"0,08",2414,"100,00",2631,3327,OK
67571,3532801,Nova Aliança,2,"0,05",3794,"100,00",4199,5431,OK
67610,3533007,Nova Granada,2,"0,02",10118,"100,00",11256,14793,OK
67938,3534609,Osvaldo Cruz,2,"0,01",15022,"96,25",16684,22809,OK
68055,3535200,Palmeira D'Oeste,2,"0,04",5069,"100,00",5666,7437,OK
68179,3535804,Paranapanema,2,"0,02",9978,"100,00",10925,13591,OK
68438,3537107,Pedreira,2,"0,01",23521,"100,00",26784,33383,OK
68594,3537909,Pilar Do Sul,2,"0,01",15271,"100,00",17046,22434,OK
68993,3539905,Poloni,2,"0,08",2524,"80,00",2832,4510,OK
69116,3540507,Porangaba,2,"0,04",5208,"100,00",5656,7483,OK
69353,3541703,Quatá,2,"0,03",7064,"100,00",7773,10121,OK
71277,3551306,Sebastianópolis Do Sul,2,"0,10",1957,"88,89",2171,3007,OK
71773,3553807,Taquarituba,2,"0,02",12661,"100,00",14294,18080,OK
61034,3500204,Adolfo,1,"0,08",1311,"50,00",1446,3977,OK
61212,3501103,Alto Alegre,1,"0,04",2665,"100,00",2899,3662,OK
61140,3515194,Espírito Santo Do Turvo,1,"0,04",2467,"100,00",2622,3546,OK
61204,3520442,Ilha Solteira,1,"0,01",13043,"100,00",14197,20245,OK
61395,3502002,Analândia,1,"0,03",3011,"100,00",3285,4681,OK
61441,3545159,Saltinho,1,"0,02",5536,"100,00",5860,7141,OK
61409,3533254,Novais,1,"0,04",2788,"100,00",3125,3922,OK
61468,3555356,Ubarana,1,"0,03",3093,"100,00",3440,4496,OK
61417,3502101,Andradina,1,"0,01",29183,"100,00",32796,42475,OK
61611,3503109,Arandu,1,"0,03",3907,"100,00",4350,5528,OK
61760,3514924,Elisiário,1,"0,05",2007,"100,00",2185,2737,OK
61735,3503703,Ariranha,1,"0,02",4432,"100,00",5118,6455,OK
61883,3549250,São João De Iracema,1,"0,08",1295,"100,00",1365,1809,OK
61921,3557154,Zacarias,1,"0,06",1809,"100,00",1957,2570,OK
62022,3527256,Lourdes,1,"0,07",1408,"100,00",1478,1877,OK
62049,3554656,Torre De Pedra,1,"0,05",1893,"100,00",1988,2545,OK
62154,3505807,Bastos,1,"0,01",11445,"100,00",12769,16975,OK
62189,3546256,Santa Cruz Da Esperança,1,"0,06",1643,"100,00",1785,2342,OK
62383,3534757,Ouroeste,1,"0,02",5560,"100,00",6125,7997,OK
62456,3507308,Boracéia,1,"0,04",2791,"100,00",3083,3884,OK
62596,3507902,Brotas,1,"0,01",11993,"100,00",13454,17820,OK
62693,3508405,Cabreúva,1,"0,01",24801,"99,05",27998,36426,OK
62871,3509304,Cajobi,1,"0,02",5907,"100,00",6308,7437,OK
63398,3511904,Clementina,1,"0,03",3909,"100,00",4258,5273,OK
63410,3512001,Colina,1,"0,01",9726,"100,00",10829,14048,OK
63479,3512308,Conchas,1,"0,01",8321,"100,00",9081,12626,OK
63819,3514007,Dobrada,1,"0,02",4687,"100,00",5229,6727,OK
64190,3515905,Floreal,1,"0,05",1877,"100,00",2044,2670,OK
64335,3516606,Gália,1,"0,09",1156,"36,84",1302,4626,OK
64432,3517109,Glicério,1,"0,04",2835,"100,00",3077,3987,OK
64475,3517307,Guaimbê,1,"0,03",3103,"100,00",3379,4479,OK
64670,3518305,Guararema,1,"0,01",15672,"81,01",16791,26373,OK
64718,3518503,Guareí,1,"0,02",6177,"100,00",7197,8903,OK
64874,3519303,Ibaté,1,"0,01",13535,"80,58",16327,26265,OK
64939,3519600,Ibitinga,1,"0,01",28502,"100,00",32544,41272,OK
65218,3521002,Iperó,1,"0,01",14628,"100,00",16363,21605,OK
65315,3521507,Irapuã,1,"0,03",3751,"100,00",4217,5489,OK
65552,3522703,Itápolis,1,"0,01",19896,"100,00",22621,28904,OK
65714,3523503,Itatinga,1,"0,01",9469,"100,00",10704,14068,OK
65838,3524105,Ituverava,1,"0,01",18843,"100,00",20862,27366,OK
65919,3524501,Jaci,1,"0,02",4166,"100,00",4525,5827,OK
66036,3525102,Jardinópolis,1,"0,01",19658,"100,00",22642,29784,OK
66613,3528007,Macatuba,1,"0,01",8957,"100,00",10061,12402,OK
66796,3528908,Mariápolis,1,"0,05",2095,"100,00",2336,2872,OK
66931,3529609,Meridiano,1,"0,04",2721,"100,00",2975,3765,OK
67377,3531803,Monte Mor,1,"0,01",32192,"100,00",36862,47316,OK
67679,3533304,Nova Luzitânia,1,"0,05",1929,"100,00",2101,2635,OK
67814,3534005,Onda Verde,1,"0,03",3052,"100,00",3374,4387,OK
67857,3534203,Orindiúva,1,"0,03",3613,"100,00",3904,5003,OK
68497,3537404,Pereira Barreto,1,"0,01",12535,"100,00",13860,19123,OK
68675,3538204,Pinhalzinho,1,"0,01",7848,"100,00",8920,11384,OK
68799,3538907,Pirajuí,1,"0,01",10115,"100,00",11332,14814,OK
68896,3539400,Piratininga,1,"0,01",7287,"100,00",7958,10141,OK
69019,3540002,Pompéia,1,"0,01",11848,"100,00",12785,16138,OK
69051,3540200,Pontal,1,"0,01",19600,"100,00",23036,28277,OK
69272,3541307,Presidente Epitácio,1,"0,01",19813,"100,00",21994,29804,OK
69310,3541505,Presidente Venceslau,1,"0,01",18409,"100,00",20105,26379,OK
69418,3542008,Quintana,1,"0,03",3646,"100,00",4073,5214,OK
69450,3542206,Rancharia,1,"0,01",16145,"100,00",17380,22888,OK
69515,3542503,Reginópolis,1,"0,03",3397,"100,00",3698,4734,OK
70076,3545308,Salto De Pirapora,1,"0,01",20296,"98,85",23614,31402,OK
70211,3546009,Santa Branca,1,"0,01",8520,"100,00",9146,11889,OK
70491,3547403,Santa Rita D'Oeste,1,"0,06",1795,"100,00",1960,2471,OK
70556,3547700,Santo Anastácio,1,"0,01",10050,"100,00",11263,15054,OK
70912,3549508,São José Da Bela Vista,1,"0,02",4182,"100,00",4945,6916,OK
71471,3552304,Sud Mennucci,1,"0,02",4192,"100,00",4605,6041,OK
71439,3552106,Socorro,1,"0,01",22700,"100,00",24681,30482,OK
71552,3552700,Tabatinga,1,"0,03",3674,"52,38",4190,10716,OK
71919,3554508,Tietê,1,"0,01",21074,"100,00",23157,29070,OK
72036,3555109,Tupi Paulista,1,"0,01",7826,"100,00",8387,10832,OK
72176,3555802,Urânia,1,"0,02",4878,"100,00",5589,6898,OK
72150,3555703,União Paulista,1,"0,08",1241,"100,00",1333,1703,OK
61026,3507456,Borebi,0,"0,00",1769,"100,00",1890,2400,OK
61085,3519253,Iaras,0,"0,00",2814,"100,00",3086,4414,OK
61115,3500600,Águas De São Pedro,0,"0,00",3176,"100,00",3337,4335,OK
61107,3518859,Guatapará,0,"0,00",3786,"100,00",4284,5765,OK
61069,3532058,Motuca,0,"0,00",1990,"81,82",2191,3384,OK
61000,3515350,Euclides Da Cunha Paulista,0,"0,00",4275,"100,00",4525,6336,OK
61042,3553955,Tarumã,0,"0,00",8377,"100,00",9118,11526,OK
61174,3500907,Altair,0,"0,00",2198,"100,00",2405,2954,OK
61182,3514957,Embaúba,0,"0,00",1870,"100,00",2014,2448,OK
61190,3501004,Altinópolis,0,"0,00",8701,"100,00",9911,12706,OK
61166,3544251,Rosana,0,"0,00",8943,"100,00",9788,14263,OK
61220,3501152,Alumínio,0,"0,00",10286,"100,00",11163,14040,OK
61158,3500808,Alfredo Marcondes,0,"0,00",2900,"100,00",3163,3964,OK
61298,3501509,Alvinlândia,0,"0,00",1920,"100,00",2103,2634,OK
61247,3537156,Pedrinhas Paulista,0,"0,00",2088,"100,00",2175,2726,OK
61271,3501400,Álvaro De Carvalho,0,"0,00",1825,"100,00",2069,2756,OK
61328,3548054,Santo Antônio Do Aracanguá,0,"0,00",5481,"100,00",5757,7290,OK
61255,3501301,Álvares Machado,0,"0,00",13102,"100,00",14324,17955,OK
61344,3510153,Canitar,0,"0,00",2906,"100,00",3339,4337,OK
61352,3501806,Américo De Campos,0,"0,00",3588,"100,00",3929,4769,OK
61450,3502309,Anhembi,0,"0,00",3511,"100,00",3833,5471,OK
61476,3502408,Anhumas,0,"0,00",2502,"100,00",2634,3315,OK
61387,3515129,Emilianópolis,0,"0,00",1899,"100,00",2057,2716,OK
61433,3502200,Angatuba,0,"0,00",12098,"100,00",13465,17865,OK
61514,3502606,Aparecida D'Oeste,0,"0,00",2698,"100,00",2954,3777,OK
61506,3509452,Campina Do Monte Alegre,0,"0,00",3516,"100,00",3822,4857,OK
61590,3503000,Aramina,0,"0,00",1054,"33,33",1175,4523,OK
61581,3500758,Alambari,0,"0,00",3746,"100,00",4082,5139,OK
61573,3502903,Araçoiaba Da Serra,0,"0,00",18492,"100,00",20448,26408,OK
61670,3503406,Arealva,0,"0,00",4272,"100,00",4791,6343,OK
61662,3557303,Estiva Gerbi,0,"0,00",6974,"100,00",7618,9490,OK
61719,3503604,Areiópolis,0,"0,00",5831,"100,00",6656,8193,OK
61700,3543253,Ribeirão Grande,0,"0,00",4676,"100,00",5169,6413,OK
61786,3507159,Bom Sucesso De Itararé,0,"0,00",2388,"100,00",2545,3289,OK
61859,3504305,Avaí,0,"0,00",2865,"100,00",3124,4189,OK
61875,3504404,Avanhandava,0,"0,00",5170,"100,00",5799,7451,OK
61905,3549953,São Lourenço Da Serra,0,"0,00",6546,"80,00",7248,11946,OK
61930,3504701,Balbinos,0,"0,00",952,"100,00",1050,1423,OK
61956,3504800,Bálsamo,0,"0,00",5286,"100,00",5855,7397,OK
61980,3532827,Nova Campina,0,"0,00",5117,"100,00",5460,6959,OK
62014,3505005,Barão De Antonina,0,"0,00",1960,"100,00",2170,2926,OK
61999,3505104,Barbosa,0,"0,00",3506,"100,00",3786,4970,OK
62081,3507753,Brejo Alegre,0,"0,00",1927,"100,00",2128,2875,OK
62111,3505609,Barrinha,0,"0,00",12837,"77,65",14829,23637,OK
62120,3540853,Pracinha,0,"0,00",1050,"100,00",1132,1476,OK
62162,3541653,Quadra,0,"0,00",2728,"100,00",2938,4032,OK
62227,3556958,Vitória Brasil,0,"0,00",1278,"100,00",1433,1673,OK
62243,3521150,Ipiguá,0,"0,00",3312,"100,00",3695,4916,OK
62278,3506409,Bilac,0,"0,00",4562,"100,00",4911,6346,OK
62260,3553658,Taquaral,0,"0,00",1702,"100,00",1854,2275,OK
62286,3515657,Fernão,0,"0,00",1221,"100,00",1319,1689,OK
62340,3532157,Nantes,0,"0,00",1582,"100,00",1679,2205,OK
62324,3525854,Jumirim,0,"0,00",1781,"100,00",1933,2457,OK
62332,3506706,Boa Esperança Do Sul,0,"0,00",6792,"100,00",7558,9706,OK
62308,3516853,Gavião Peixoto,0,"0,00",2884,"100,00",3257,4165,OK
62367,3532868,Nova Castilho,0,"0,00",1016,"100,00",1077,1375,OK
62316,3506607,Biritiba Mirim,0,"0,00",16488,"100,00",18392,24212,OK
62405,3536570,Paulistânia,0,"0,00",1445,"100,00",1499,1993,OK
62421,3543238,Ribeirão Dos Índios,0,"0,00",1337,"100,00",1485,1918,OK
62430,3507209,Borá,0,"0,00",793,"100,00",862,1094,OK
62448,3554755,Trabiju,0,"0,00",1249,"100,00",1305,1649,OK
62472,3507407,Borborema,0,"0,00",7637,"100,00",8423,10738,OK
62553,3507704,Braúna,0,"0,00",3118,"100,00",3408,4231,OK
62650,3508207,Buritizal,0,"0,00",3037,"100,00",3249,4125,OK
62677,3508306,Cabrália Paulista,0,"0,00",2573,"100,00",2809,3698,OK
62790,3508900,Caiabu,0,"0,00",2514,"100,00",2673,3330,OK
62774,3508801,Cafelândia,0,"0,00",8437,"100,00",9332,12245,OK
62839,3509106,Caiuá,0,"0,00",2587,"100,00",2731,3755,OK
62898,3509403,Cajuru,0,"0,00",12643,"100,00",14255,18240,OK
62979,3509809,Campos Novos Paulista,0,"0,00",2781,"100,00",2936,3805,OK
63010,3510005,Cândido Mota,0,"0,00",16026,"100,00",18047,22894,OK
63053,3510203,Capão Bonito,0,"0,00",24599,"100,00",26967,34293,OK
63037,3510104,Cândido Rodrigues,0,"0,00",1946,"100,00",2165,2853,OK
63070,3510302,Capela Do Alto,0,"0,00",7213,"69,23",7926,14543,OK
63355,3511706,Charqueada,0,"0,00",9389,"100,00",10348,13212,OK
63339,3511607,Cesário Lange,0,"0,00",9258,"100,00",10658,13804,OK
63371,3557204,Chavantes,0,"0,00",6139,"100,00",6860,8675,OK
63436,3512100,Colômbia,0,"0,00",4082,"100,00",4332,5796,OK
63550,3512704,Corumbataí,0,"0,00",2154,"86,67",2392,3523,OK
63290,3511409,Cerqueira César,0,"0,00",9657,"100,00",10939,14958,OK
63592,3512902,Cosmorama,0,"0,00",5139,"100,00",5573,7030,OK
63517,3512506,Coroados,0,"0,00",2954,"100,00",3234,4020,OK
63533,3512605,Coronel Macedo,0,"0,00",2636,"92,86",2833,3793,OK
63630,3513108,Cravinhos,0,"0,00",18176,"100,00",20416,27124,OK
63657,3513207,Cristais Paulista,0,"0,00",5144,"100,00",5630,7311,OK
63835,3514106,Dois Córregos,0,"0,00",10865,"85,92",12185,18565,OK
63932,3514601,Dumont,0,"0,00",5350,"100,00",5907,7337,OK
63959,3514700,Echaporã,0,"0,00",3588,"100,00",3856,5070,OK
63991,3514908,Elias Fausto,0,"0,00",9705,"100,00",10995,13526,OK
64050,3515202,Estrela D'Oeste,0,"0,00",5081,"100,00",5558,7128,OK
64092,3515400,Fartura,0,"0,00",8761,"100,00",9599,12518,OK
64076,3515301,Estrela Do Norte,0,"0,00",1820,"100,00",1912,2464,OK
64173,3515806,Flora Rica,0,"0,00",991,"100,00",1058,1428,OK
64130,3515608,Fernando Prestes,0,"0,00",3445,"100,00",3961,5086,OK
64211,3516002,Flórida Paulista,0,"0,00",3677,"70,83",4101,7407,OK
64238,3516101,Florínea,0,"0,00",1968,"100,00",2076,2673,OK
64319,3516507,Gabriel Monteiro,0,"0,00",2043,"100,00",2183,2682,OK
64394,3516903,General Salgado,0,"0,00",5582,"100,00",6001,7966,OK
64416,3517000,Getulina,0,"0,00",4396,"100,00",5012,7043,OK
64459,3517208,Guaiçara,0,"0,00",5388,"100,00",6085,8162,OK
64556,3517703,Guará,0,"0,00",9409,"91,67",10344,14159,OK
64599,3517901,Guaraci,0,"0,00",5810,"100,00",6363,8095,OK
64610,3518008,Guarani D'Oeste,0,"0,00",1296,"100,00",1366,1783,OK
64653,3518206,Guararapes,0,"0,00",16244,"100,00",17717,23593,OK
64793,3518909,Guzolândia,0,"0,00",2414,"100,00",2668,3558,OK
64831,3519105,Iacanga,0,"0,00",2498,"48,39",2767,8269,OK
64998,3519907,Iepê,0,"0,00",4372,"100,00",4758,5971,OK
65013,3520004,Igaraçu Do Tietê,0,"0,00",12063,"100,00",14099,17539,OK
65030,3520103,Igarapava,0,"0,00",13286,"100,00",14828,19718,OK
65056,3520202,Igaratá,0,"0,00",6875,"100,00",7353,9443,OK
65137,3520608,Indiana,0,"0,00",3019,"100,00",3295,4063,OK
65153,3520707,Indiaporã,0,"0,00",2286,"100,00",2452,3164,OK
65196,3520905,Ipaussu,0,"0,00",7093,"100,00",7964,9987,OK
65170,3520806,Inúbia Paulista,0,"0,00",2310,"100,00",2551,3159,OK
65277,3521309,Ipuã,0,"0,00",7956,"100,00",8788,11207,OK
65331,3521606,Irapuru,0,"0,00",3055,"100,00",3469,4556,OK
65234,3521101,Ipeúna,0,"0,00",2607,"61,90",2857,5852,OK
65358,3521705,Itaberá,0,"0,00",10044,"100,00",10754,13507,OK
65374,3521804,Itaí,0,"0,00",11325,"100,00",12980,16732,OK
65412,3522000,Itaju,0,"0,00",2228,"100,00",2438,3176,OK
65579,3522802,Itaporanga,0,"0,00",4247,"58,33",4674,11006,OK
65595,3522901,Itapuí,0,"0,00",6806,"100,00",7622,9473,OK
65617,3523008,Itapura,0,"0,00",2431,"100,00",2655,3647,OK
65730,3523602,Itirapina,0,"0,00",6828,"100,00",7820,10399,OK
65757,3523701,Itirapuã,0,"0,00",3470,"100,00",3797,5150,OK
65854,3524204,Jaborandi,0,"0,00",3520,"100,00",4025,5006,OK
66095,3525409,Jeriquara,0,"0,00",2488,"100,00",2653,3344,OK
66176,3525805,Júlio Mesquita,0,"0,00",1838,"75,00",2102,3690,OK
66133,3525607,João Ramalho,0,"0,00",2347,"100,00",2606,3518,OK
66214,3526001,Junqueirópolis,0,"0,00",9976,"100,00",10703,14112,OK
66311,3526506,Lavínia,0,"0,00",2725,"100,00",3010,3884,OK
66419,3527009,Lindóia,0,"0,00",4380,"100,00",4717,5869,OK
66494,3527405,Lucélia,0,"0,00",8967,"100,00",9985,13548,OK
66532,3527603,Luís Antônio,0,"0,00",4460,"66,67",4931,10065,OK
66575,3527801,Lupércio,0,"0,00",1508,"60,00",1673,3317,OK
66559,3527702,Luiziânia,0,"0,00",2795,"100,00",3025,3792,OK
66591,3527900,Lutécia,0,"0,00",1711,"100,00",1872,2380,OK
66672,3528304,Magda,0,"0,00",2025,"100,00",2215,2793,OK
66753,3528700,Marabá Paulista,0,"0,00",615,"30,00",679,3188,OK
66737,3528601,Manduri,0,"0,00",4988,"100,00",5593,7096,OK
66770,3528809,Maracaí,0,"0,00",7745,"100,00",8368,10406,OK
66834,3529104,Marinópolis,0,"0,00",1325,"100,00",1445,1754,OK
66958,3529708,Miguelópolis,0,"0,00",10650,"100,00",11605,15123,OK
66915,3529500,Mendonça,0,"0,00",3769,"100,00",4092,5260,OK
66974,3529807,Mineiros Do Tietê,0,"0,00",6041,"100,00",6804,8683,OK
67059,3530201,Mirante Do Paranapanema,0,"0,00",7735,"90,70",8365,12713,OK
67270,3531308,Monte Alto,0,"0,00",22431,"91,38",25223,36025,OK
67393,3531902,Morro Agudo,0,"0,00",13963,"100,00",15876,20180,OK
67431,3532108,Murutinga Do Sul,0,"0,00",2371,"100,00",2578,3341,OK
67458,3532207,Narandiba,0,"0,00",3322,"100,00",3572,4458,OK
67598,3532900,Nova Europa,0,"0,00",4916,"100,00",5645,7172,OK
67636,3533106,Nova Guataporanga,0,"0,00",1368,"100,00",1536,2019,OK
67652,3533205,Nova Independência,0,"0,00",2361,"100,00",2637,3505,OK
67733,3533601,Nuporanga,0,"0,00",4141,"100,00",4706,6023,OK
67750,3533700,Ocauçu,0,"0,00",2395,"100,00",2626,3441,OK
67830,3534104,Oriente,0,"0,00",3582,"100,00",3989,5159,OK
67776,3533809,Óleo,0,"0,00",1736,"100,00",1929,2420,OK
67873,3534302,Orlândia,0,"0,00",20590,"100,00",23307,29493,OK
67911,3534500,Oscar Bressane,0,"0,00",1759,"100,00",1867,2450,OK
67970,3534807,Ouro Verde,0,"0,00",4145,"100,00",4549,6097,OK
67997,3534906,Pacaembu,0,"0,00",5205,"100,00",5763,7523,OK
68071,3535309,Palmital,0,"0,00",11481,"100,00",12536,16108,OK
68098,3535408,Panorama,0,"0,00",6975,"100,00",7852,9923,OK
68110,3535507,Paraguaçu Paulista,0,"0,00",20005,"100,00",22534,29955,OK
68195,3535903,Paranapuã,0,"0,00",2519,"100,00",2795,3392,OK
68233,3536109,Pardinho,0,"0,00",4164,"100,00",4535,6139,OK
68292,3536406,Paulicéia,0,"0,00",4145,"100,00",4491,5955,OK
68276,3536307,Patrocínio Paulista,0,"0,00",3326,"46,88",3626,10549,OK
68330,3536604,Paulo De Faria,0,"0,00",4104,"100,00",4464,6110,OK
68357,3536703,Pederneiras,0,"0,00",23881,"100,00",26187,32588,OK
68411,3537008,Pedregulho,0,"0,00",8586,"100,00",9508,12296,OK
68217,3536000,Parapuã,0,"0,00",5235,"100,00",5963,7605,OK
68519,3537503,Pereiras,0,"0,00",4506,"100,00",4973,6469,OK
68551,3537701,Piacatu,0,"0,00",3219,"100,00",3525,4487,OK
68691,3538303,Piquerobi,0,"0,00",2188,"100,00",2348,3115,OK
68772,3538808,Piraju,0,"0,00",14520,"100,00",16481,21986,OK
68810,3539004,Pirangi,0,"0,00",2663,"48,28",3016,7897,OK
68853,3539202,Pirapozinho,0,"0,00",13904,"100,00",15174,19385,OK
68950,3539707,Platina,0,"0,00",1950,"100,00",2118,2775,OK
68934,3539608,Planalto,0,"0,00",2823,"100,00",3047,3962,OK
69035,3540101,Pongaí,0,"0,00",2176,"100,00",2316,2952,OK
69078,3540309,Pontes Gestal,0,"0,00",1662,"100,00",1811,2368,OK
69191,3540903,Pradópolis,0,"0,00",9423,"90,48",10273,13603,OK
69230,3541109,Presidente Alves,0,"0,00",1734,"72,73",1851,3391,OK
69256,3541208,Presidente Bernardes,0,"0,00",7080,"100,00",7593,10209,OK
69370,3541802,Queiroz,0,"0,00",2311,"100,00",2460,3299,OK
69434,3542107,Rafard,0,"0,00",5427,"100,00",6047,7253,OK
69493,3542404,Regente Feijó,0,"0,00",10686,"95,52",11811,15711,OK
69558,3542701,Restinga,0,"0,00",4751,"100,00",5160,6817,OK
69639,3543105,Ribeirão Corrente,0,"0,00",3073,"100,00",3296,4387,OK
69655,3543204,Ribeirão Do Sul,0,"0,00",2944,"100,00",3186,3926,OK
69710,3543501,Riversul,0,"0,00",3281,"100,00",3588,4557,OK
69736,3543600,Rifaina,0,"0,00",3563,"100,00",3789,5127,OK
69779,3543808,Rinópolis,0,"0,00",4867,"100,00",5472,7452,OK
69752,3543709,Rincão,0,"0,00",4759,"100,00",5498,7171,OK
69850,3544202,Riolândia,0,"0,00",5078,"100,00",5512,7102,OK
69892,3544400,Rubiácea,0,"0,00",1544,"88,89",1643,2390,OK
69930,3544608,Sabino,0,"0,00",2871,"100,00",3170,4352,OK
69957,3544707,Sagres,0,"0,00",1415,"100,00",1560,2091,OK
69973,3544806,Sales,0,"0,00",2709,"73,33",2983,5354,OK
69990,3544905,Sales Oliveira,0,"0,00",3410,"60,00",3912,8526,OK
70033,3545100,Salmourão,0,"0,00",2589,"100,00",2931,3874,OK
70092,3545407,Salto Grande,0,"0,00",4620,"100,00",5118,6580,OK
70190,3500550,Águas De Santa Bárbara,0,"0,00",3677,"100,00",4011,5392,OK
70114,3545506,Sandovalina,0,"0,00",3273,"100,00",3421,4876,OK
70319,3546504,Santa Ernestina,0,"0,00",3712,"100,00",4072,5040,OK
70394,3546900,Santa Lúcia,0,"0,00",3920,"93,10",4692,6326,OK
70432,3547106,Santa Mercedes,0,"0,00",1875,"100,00",2025,2679,OK
70599,3547908,Santo Antônio Da Alegria,0,"0,00",4129,"100,00",4518,5700,OK
70670,3548302,Santo Expedito,0,"0,00",0,"0,00",0,2682,OK
70696,3548401,Santópolis Do Aguapeí,0,"0,00",2517,"100,00",2679,3231,OK
70858,3549201,São João Das Duas Pontes,0,"0,00",1681,"100,00",1819,2242,OK
70874,3549300,São João Do Pau D'Alho,0,"0,00",1397,"100,00",1519,1906,OK
71110,3550506,São Pedro Do Turvo,0,"0,00",4194,"100,00",4459,5673,OK
71234,3551108,Sarapuí,0,"0,00",5403,"100,00",5972,7398,OK
71250,3551207,Sarutaiá,0,"0,00",2183,"100,00",2378,3202,OK
71293,3551405,Serra Azul,0,"0,00",5204,"100,00",5719,7366,OK
71315,3551504,Serrana,0,"0,00",23601,"100,00",26433,33570,OK
71390,3551900,Severínia,0,"0,00",8804,"100,00",9609,11642,OK
71617,3553005,Taguaí,0,"0,00",5399,"76,67",5828,9253,OK
71595,3552908,Taciba,0,"0,00",1396,"40,00",1446,5069,OK
71633,3553104,Taiaçu,0,"0,00",3242,"100,00",3591,4509,OK
71650,3553203,Taiúva,0,"0,00",3210,"100,00",3489,4396,OK
71790,3553906,Tarabai,0,"0,00",3804,"100,00",4110,5176,OK
71854,3554201,Tejupá,0,"0,00",2482,"100,00",2709,3456,OK
71897,3554409,Terra Roxa,0,"0,00",4558,"100,00",5102,6363,OK
71935,3554607,Timburi,0,"0,00",1739,"100,00",1889,2427,OK
71951,3554706,Torrinha,0,"0,00",4755,"100,00",5337,6691,OK
72192,3555901,Uru,0,"0,00",1169,"100,00",1235,1622,OK
72354,3556602,Vera Cruz,0,"0,00",5556,"100,00",6174,7886,OK
72397,3556800,Viradouro,0,"0,00",9674,"100,00",10717,13103,OK
72419,3556909,Vista Alegre Do Alto,0,"0,00",1926,"40,00",2201,5990,OK
